{
    "MapSize": {
        "x": 14,
        "y": 8,
        "z": 14
    },
    "BaseColor": {
        "r": 0.2196078598499298,
        "g": 0.2196078598499298,
        "b": 0.2196078598499298,
        "a": 0.2980392277240753
    },
    "CanColor": {
        "r": 0.0,
        "g": 0.5162253379821777,
        "b": 1.0,
        "a": 1.0
    },
    "NotColor": {
        "r": 1.0,
        "g": 0.24056601524353028,
        "b": 0.24056601524353028,
        "a": 1.0
    },
    "Bottom_Item": [],
    "LeftObverse": [],
    "RightObverse": [],
    "LeftBack": [],
    "RightBack": []
}